user_id,heart_rate,workout_date,duration_minutes,distance_km,average_pace_min_km,elevation_gain_m,weather_conditions,resting_heart_rate,workout_type
user_id,heart_rate,workout_date,duration_minutes,distance_km,average_pace_min_km,elevation_gain_m,weather_conditions,resting_heart_rate,workout_type
1,141,8/29/2022,102,17.0,4.45,221,cloudy,69,interval training
2,175,9/25/2022,99,2.0,7.11,208,rainy,71,tempo run
3,60,7/16/2022,97,7.0,6.86,103,sunny,46,interval training
4,143,10/4/2022,60,4.0,9.37,259,cloudy,89,long run
5,143,7/29/2022,58,16.0,4.01,470,rainy,74,long run
6,71,3/5/2022,21,2.0,8.8,84,rainy,59,interval training
7,80,6/11/2022,14,12.0,4.72,35,sunny,69,tempo run
8,123,7/13/2022,63,2.0,3.42,364,cloudy,54,long run
9,181,2/18/2022,118,14.0,5.89,346,sunny,91,interval training
10,106,6/22/2022,95,8.0,8.97,239,rainy,63,tempo run
11,114,7/20/2022,94,1.0,8.18,221,rainy,67,interval training
12,110,8/5/2022,39,3.0,8.98,94,rainy,52,long run
13,150,8/21/2022,109,19.0,9.96,211,cloudy,82,interval training
14,98,4/13/2022,78,10.0,8.89,225,rainy,79,tempo run
15,103,12/19/2022,47,9.0,4.88,166,sunny,74,tempo run
16,104,1/30/2022,10,14.0,5.76,283,sunny,42,long run
17,157,1/30/2022,113,19.0,9.71,269,cloudy,88,tempo run
18,138,1/8/2022,77,8.0,4.3,152,rainy,50,interval training
19,193,4/18/2022,21,5.0,4.91,1,sunny,48,tempo run
20,193,9/17/2022,111,1.0,6.46,461,rainy,89,long run
21,82,5/25/2022,108,15.0,8.5,162,rainy,80,tempo run
22,162,3/23/2022,53,11.0,4.9,339,sunny,64,interval training
23,82,2/7/2022,30,10.0,8.63,36,sunny,51,tempo run
24,164,5/15/2022,69,11.0,7.37,404,cloudy,57,tempo run
25,174,3/25/2022,78,2.0,4.35,118,cloudy,69,interval training
26,122,12/20/2022,56,12.0,3.49,303,sunny,53,tempo run
27,70,10/10/2022,120,7.0,9.21,489,rainy,78,long run
28,195,2/22/2022,38,18.0,6.16,268,sunny,92,long run
29,185,4/27/2022,85,11.0,3.16,453,cloudy,100,interval training
30,130,6/28/2022,40,20.0,6.5,123,cloudy,71,long run
31,141,5/19/2022,117,6.0,8.11,270,rainy,48,tempo run
32,109,4/29/2022,100,14.0,8.37,102,rainy,50,interval training
33,178,8/20/2022,72,8.0,6.22,202,sunny,58,tempo run
34,58,11/18/2022,110,16.0,3.63,487,cloudy,88,tempo run
35,105,11/28/2022,24,9.0,9.69,370,cloudy,73,tempo run
36,119,5/17/2022,72,2.0,8.81,183,rainy,98,long run
37,105,4/12/2022,31,7.0,6.84,266,sunny,66,long run
38,179,11/4/2022,46,3.0,4.97,365,sunny,93,long run
39,184,9/23/2022,31,20.0,5.53,72,rainy,96,interval training
40,151,2/22/2022,10,12.0,7.98,261,rainy,60,long run
41,149,11/2/2022,93,15.0,7.58,175,rainy,47,tempo run
42,60,2/12/2022,87,12.0,5.01,19,rainy,61,tempo run
43,165,4/25/2022,86,10.0,5.93,58,rainy,62,interval training
44,160,2/16/2022,77,14.0,6.86,479,sunny,53,long run
45,97,5/24/2022,120,2.0,4.96,141,rainy,80,interval training
46,171,11/17/2022,85,12.0,9.61,397,cloudy,83,tempo run
47,193,9/13/2022,16,3.0,8.31,311,rainy,59,long run
48,145,10/12/2022,97,6.0,4.55,203,sunny,74,long run
49,190,11/22/2022,96,6.0,3.24,487,sunny,94,tempo run
50,87,12/20/2022,72,1.0,3.07,34,rainy,88,long run
51,62,8/22/2022,45,11.0,3.68,219,sunny,81,long run
52,184,10/14/2022,35,18.0,5.56,31,cloudy,64,long run
53,143,2/6/2022,116,14.0,9.86,423,sunny,70,tempo run
54,56,5/7/2022,97,6.0,8.81,382,rainy,51,interval training
55,110,5/5/2022,105,13.0,5.05,275,rainy,93,interval training
56,108,3/24/2022,29,7.0,7.91,176,sunny,52,long run
57,125,11/22/2022,45,12.0,8.13,94,rainy,79,interval training
58,170,5/14/2022,118,4.0,6.11,184,rainy,92,interval training
59,65,2/25/2022,75,11.0,3.81,295,cloudy,97,long run
60,96,6/24/2022,82,6.0,7.85,133,rainy,87,interval training
61,62,10/12/2022,116,3.0,8.91,223,sunny,95,long run
62,81,6/13/2022,59,1.0,9.54,309,cloudy,79,interval training
63,85,12/10/2022,96,3.0,9.11,260,sunny,74,tempo run
64,179,2/24/2022,82,18.0,3.56,467,cloudy,60,interval training
65,160,9/28/2022,119,17.0,6.1,326,sunny,53,interval training
66,95,5/27/2022,118,17.0,4.28,477,cloudy,44,tempo run
67,78,8/24/2022,32,10.0,6.76,142,rainy,60,long run
68,108,1/23/2022,117,12.0,3.1,476,cloudy,55,tempo run
69,56,7/13/2022,109,20.0,9.4,312,rainy,79,long run
70,114,10/13/2022,68,2.0,5.97,115,rainy,67,long run
71,71,5/3/2022,96,15.0,3.48,328,cloudy,49,interval training
72,199,12/11/2022,54,17.0,3.67,222,cloudy,70,interval training
73,60,8/21/2022,97,15.0,8.77,19,rainy,100,long run
74,93,11/4/2022,66,1.0,7.5,434,sunny,50,interval training
75,189,12/4/2022,48,2.0,3.68,308,cloudy,77,long run
76,197,9/8/2022,18,3.0,8.91,381,cloudy,63,long run
77,53,7/4/2022,115,11.0,5.43,6,sunny,92,interval training
78,159,1/23/2022,112,4.0,8.71,83,rainy,74,long run
79,192,8/17/2022,16,9.0,4.11,11,cloudy,72,tempo run
80,188,9/1/2022,77,16.0,7.64,280,cloudy,68,long run
81,183,10/11/2022,40,18.0,6.29,381,sunny,91,tempo run
82,59,3/15/2022,45,9.0,3.25,272,cloudy,47,interval training
83,189,2/14/2022,108,4.0,8.28,24,sunny,79,tempo run
84,120,3/20/2022,61,11.0,6.13,45,rainy,89,interval training
85,78,6/14/2022,90,1.0,5.81,21,rainy,86,tempo run
86,169,7/13/2022,57,10.0,6.67,178,sunny,76,tempo run
87,58,7/11/2022,45,9.0,3.78,52,cloudy,84,interval training
88,156,3/4/2022,83,19.0,6.22,454,sunny,44,long run
89,102,6/8/2022,41,17.0,5.47,54,cloudy,65,interval training
90,109,10/8/2022,25,5.0,8.2,343,cloudy,100,interval training
91,95,4/9/2022,109,16.0,5.78,456,cloudy,97,interval training
92,197,3/14/2022,109,12.0,5.96,469,cloudy,54,tempo run
93,134,8/5/2022,66,2.0,9.47,366,rainy,60,interval training
94,146,11/12/2022,22,6.0,8.57,296,sunny,60,interval training
95,164,10/21/2022,118,10.0,8.12,461,cloudy,63,long run
96,169,5/31/2022,26,14.0,6.2,368,cloudy,64,long run
97,162,3/10/2022,11,5.0,7.68,77,cloudy,40,interval training
98,80,3/14/2022,84,7.0,8.62,205,rainy,97,interval training
99,186,9/21/2022,36,8.0,8.69,457,rainy,89,long run
100,98,11/20/2022,95,1.0,9.74,385,rainy,42,long run
101,114,8/14/2022,68,10.0,6.85,32,rainy,74,long run
102,78,3/14/2022,31,10.0,5.22,254,cloudy,76,interval training
103,75,9/17/2022,16,15.0,9.97,157,rainy,81,interval training
104,140,1/6/2022,107,2.0,6.01,150,rainy,96,tempo run
105,149,5/2/2022,19,15.0,6.78,371,sunny,93,tempo run
106,166,4/17/2022,28,10.0,6.22,135,rainy,76,interval training
107,56,1/27/2022,111,6.0,8.55,44,rainy,48,long run
108,74,3/2/2022,70,19.0,8.6,306,cloudy,50,tempo run
109,111,4/10/2022,71,5.0,6.99,135,rainy,67,tempo run
110,95,12/13/2022,87,7.0,3.76,102,cloudy,95,tempo run
111,157,11/12/2022,32,1.0,6.68,23,sunny,55,tempo run
112,141,1/10/2022,103,2.0,8.59,153,cloudy,79,long run
113,156,3/13/2022,89,18.0,7.14,348,rainy,86,tempo run
114,91,5/10/2022,87,5.0,8.43,11,rainy,100,long run
115,74,3/31/2022,77,4.0,8.35,335,cloudy,57,tempo run
116,75,12/20/2022,15,6.0,9.93,88,cloudy,58,tempo run
117,153,7/1/2022,15,16.0,6.69,26,cloudy,63,interval training
118,94,4/20/2022,119,2.0,6.58,121,sunny,45,tempo run
119,74,11/10/2022,49,8.0,9.17,345,cloudy,56,interval training
120,101,12/18/2022,23,15.0,7.77,477,cloudy,50,tempo run
121,64,5/10/2022,84,1.0,7.8,132,rainy,89,interval training
122,65,6/28/2022,116,13.0,5.15,402,cloudy,99,tempo run
123,50,10/6/2022,99,16.0,9.39,330,sunny,91,interval training
124,188,8/14/2022,117,14.0,3.11,91,cloudy,40,tempo run
125,98,7/1/2022,70,8.0,4.51,81,cloudy,57,tempo run
126,175,4/22/2022,110,6.0,6.57,38,rainy,84,long run
127,145,8/3/2022,20,11.0,3.67,343,cloudy,98,long run
128,115,3/19/2022,111,13.0,9.35,216,rainy,40,tempo run
129,90,7/22/2022,28,16.0,5.49,485,rainy,50,long run
130,52,7/30/2022,69,19.0,3.65,341,rainy,72,long run
131,100,4/27/2022,120,3.0,7.85,216,sunny,54,long run
132,128,12/5/2022,85,10.0,9.76,421,rainy,78,long run
133,59,5/8/2022,118,16.0,4.88,183,sunny,69,interval training
134,53,10/14/2022,25,5.0,8.73,482,cloudy,63,long run
135,78,8/23/2022,60,3.0,8.88,397,sunny,91,interval training
136,109,1/15/2022,38,20.0,3.95,386,cloudy,80,tempo run
137,58,12/4/2022,100,3.0,8.12,434,sunny,45,interval training
138,189,9/19/2022,30,7.0,5.2,435,cloudy,76,tempo run
139,80,6/11/2022,31,5.0,8.31,494,sunny,53,long run
140,60,3/20/2022,74,18.0,4.23,261,rainy,82,tempo run
141,80,4/2/2022,47,20.0,6.43,109,sunny,41,long run
142,137,5/29/2022,32,14.0,7.82,64,cloudy,44,long run
143,133,1/12/2022,74,15.0,5.51,127,sunny,73,long run
144,148,11/16/2022,119,20.0,6.65,400,cloudy,85,long run
145,184,9/11/2022,105,19.0,5.79,375,sunny,78,tempo run
146,82,10/25/2022,49,19.0,6.35,409,cloudy,58,tempo run
147,85,3/28/2022,94,6.0,7.02,458,cloudy,80,interval training
148,88,3/20/2022,100,2.0,6.89,18,rainy,41,tempo run
149,193,10/11/2022,63,3.0,7.97,192,sunny,48,tempo run
150,52,6/25/2022,70,5.0,3.97,79,rainy,49,interval training
151,118,11/15/2022,10,20.0,8.44,440,sunny,43,interval training
152,78,12/3/2022,17,15.0,8.45,474,rainy,46,long run
153,63,10/31/2022,75,6.0,3.27,298,sunny,95,long run
154,165,2/9/2022,70,12.0,7.38,437,sunny,45,interval training
155,124,8/9/2022,11,5.0,5.64,385,sunny,77,long run
156,158,5/19/2022,114,20.0,5.06,242,cloudy,99,long run
157,75,4/27/2022,120,10.0,7.65,49,rainy,70,long run
158,88,10/27/2022,109,1.0,3.02,157,cloudy,54,interval training
159,89,3/26/2022,45,13.0,4.83,191,cloudy,98,long run
160,113,2/24/2022,51,1.0,8.52,489,rainy,86,tempo run
161,151,3/28/2022,73,18.0,6.99,208,sunny,57,interval training
162,125,12/28/2022,92,10.0,7.29,465,rainy,58,tempo run
163,54,11/1/2022,109,9.0,7.68,477,rainy,42,long run
164,66,7/10/2022,107,1.0,3.5,246,cloudy,61,interval training
165,85,5/28/2022,117,2.0,5.31,182,rainy,92,tempo run
166,100,2/15/2022,92,16.0,9.13,323,sunny,65,interval training
167,55,1/18/2022,45,7.0,5.22,458,rainy,83,tempo run
168,170,2/13/2022,109,14.0,9.11,29,rainy,54,long run
169,75,11/11/2022,101,5.0,9.44,491,sunny,75,long run
170,155,10/16/2022,120,17.0,9.68,306,rainy,65,long run
171,159,10/26/2022,23,16.0,9.84,123,sunny,51,long run
172,143,7/1/2022,93,7.0,3.43,177,cloudy,94,tempo run
173,182,8/29/2022,107,13.0,3.43,493,rainy,66,tempo run
174,84,1/13/2022,23,4.0,9.12,172,cloudy,55,interval training
175,151,2/5/2022,40,2.0,6.5,456,rainy,71,long run
176,180,12/25/2022,63,11.0,3.3,173,cloudy,88,tempo run
177,171,3/14/2022,92,7.0,4.54,19,rainy,45,interval training
178,91,5/11/2022,39,13.0,6.29,59,rainy,73,long run
179,163,7/12/2022,12,9.0,7.52,399,cloudy,53,tempo run
180,122,5/16/2022,90,11.0,5.99,387,rainy,41,tempo run
181,127,10/14/2022,60,12.0,8.88,465,sunny,69,long run
182,51,7/22/2022,34,19.0,5.95,133,rainy,41,interval training
183,191,7/15/2022,74,1.0,4.16,194,sunny,45,interval training
184,153,1/16/2022,92,13.0,8.15,332,rainy,55,long run
185,199,6/25/2022,36,5.0,8.41,178,cloudy,60,interval training
186,184,5/28/2022,22,9.0,5.13,489,rainy,58,interval training
187,105,10/18/2022,90,19.0,5.39,313,sunny,70,long run
188,73,12/30/2022,64,9.0,5.23,293,rainy,40,tempo run
189,185,3/16/2022,71,6.0,9.07,130,rainy,95,long run
190,108,3/18/2022,104,10.0,3.64,324,rainy,75,long run
191,51,12/21/2022,47,10.0,6.02,342,cloudy,49,long run
192,51,12/29/2022,53,16.0,3.88,80,cloudy,42,tempo run
193,95,5/10/2022,30,17.0,6.96,402,cloudy,51,tempo run
194,165,11/24/2022,22,14.0,6.48,142,cloudy,50,tempo run
195,71,1/27/2022,61,15.0,5.74,161,rainy,41,tempo run
196,178,7/1/2022,76,13.0,9.61,11,rainy,54,tempo run
197,72,10/24/2022,21,8.0,5.12,170,cloudy,69,tempo run
198,121,10/12/2022,20,20.0,9.05,303,cloudy,69,long run
199,52,8/18/2022,57,5.0,5.09,386,rainy,60,long run
200,134,10/15/2022,68,9.0,9.21,158,rainy,75,tempo run
201,83,10/24/2022,48,5.0,7.26,474,sunny,59,interval training
202,54,10/7/2022,34,10.0,3.54,375,cloudy,71,long run
203,97,3/11/2022,64,2.0,9.98,325,sunny,52,long run
204,167,10/10/2022,110,8.0,7.66,348,cloudy,44,interval training
205,76,6/19/2022,29,14.0,4.82,49,rainy,55,tempo run
206,135,6/21/2022,26,6.0,3.11,441,sunny,44,interval training
207,132,4/27/2022,78,3.0,4.1,486,rainy,94,long run
208,193,10/25/2022,38,17.0,6.5,465,cloudy,50,interval training
209,171,7/7/2022,49,7.0,6.1,77,sunny,89,long run
210,181,3/6/2022,22,17.0,3.8,500,sunny,47,interval training
211,90,10/2/2022,44,18.0,4.82,204,sunny,64,tempo run
212,111,4/8/2022,92,1.0,3.33,276,sunny,97,tempo run
213,145,1/18/2022,21,4.0,8.63,13,cloudy,52,long run
214,91,3/17/2022,56,14.0,7.97,320,rainy,99,interval training
215,72,11/20/2022,98,18.0,5.37,272,cloudy,58,interval training
216,183,9/7/2022,50,19.0,7.51,130,cloudy,52,interval training
217,154,4/26/2022,99,11.0,6.1,239,rainy,99,interval training
218,180,7/8/2022,108,17.0,8.62,67,sunny,68,long run
219,86,7/16/2022,79,19.0,5.47,214,cloudy,66,tempo run
220,85,1/23/2022,64,9.0,8.82,351,sunny,85,tempo run
221,153,2/28/2022,60,9.0,7.87,436,cloudy,77,tempo run
222,71,10/19/2022,41,4.0,5.7,418,cloudy,87,long run
223,174,1/27/2022,104,20.0,6.3,196,rainy,90,tempo run
224,146,9/2/2022,12,1.0,9.09,355,sunny,72,long run
225,96,10/14/2022,26,10.0,8.21,95,rainy,49,tempo run
226,142,7/28/2022,68,1.0,6.38,458,cloudy,72,interval training
227,173,3/5/2022,56,5.0,3.21,425,cloudy,67,interval training
228,66,6/1/2022,100,5.0,9.62,221,cloudy,69,long run
229,119,3/31/2022,88,12.0,5.37,347,rainy,84,long run
230,102,5/21/2022,13,7.0,4.08,316,cloudy,82,long run
231,139,7/5/2022,90,18.0,7.03,420,rainy,77,long run
232,126,11/25/2022,33,4.0,9.72,235,sunny,48,tempo run
233,61,10/7/2022,20,19.0,5.07,462,rainy,55,tempo run
234,146,11/21/2022,119,19.0,8.41,365,sunny,78,interval training
235,161,7/11/2022,96,9.0,3.74,85,sunny,81,long run
236,184,6/22/2022,55,1.0,4.4,368,cloudy,51,interval training
237,116,5/10/2022,61,15.0,5.36,410,sunny,65,interval training
238,54,12/21/2022,60,7.0,7.48,230,rainy,45,long run
239,58,12/26/2022,65,14.0,7.03,102,rainy,62,interval training
240,56,7/19/2022,110,20.0,5.08,201,rainy,45,interval training
241,113,9/30/2022,26,16.0,8.75,123,sunny,92,tempo run
242,195,1/20/2022,76,17.0,7.59,160,cloudy,61,tempo run
243,90,3/12/2022,61,20.0,7.85,220,sunny,52,interval training
244,188,10/4/2022,75,4.0,5.66,208,rainy,99,tempo run
245,96,1/19/2022,52,18.0,8.69,87,sunny,43,interval training
246,174,8/10/2022,99,8.0,9.27,87,cloudy,45,long run
247,52,1/24/2022,32,18.0,3.2,98,rainy,94,tempo run
248,90,6/19/2022,26,1.0,3.39,147,cloudy,60,interval training
249,158,1/27/2022,104,2.0,4.93,154,rainy,92,interval training
250,178,1/19/2022,11,17.0,4.17,456,sunny,49,long run
251,54,8/22/2022,63,11.0,9.86,240,cloudy,94,tempo run
252,103,8/7/2022,95,13.0,5.11,250,rainy,97,tempo run
253,197,12/26/2022,87,18.0,7.57,241,cloudy,56,long run
254,180,10/15/2022,18,16.0,8.62,35,sunny,55,long run
255,55,10/21/2022,83,13.0,3.13,131,sunny,75,long run
256,148,7/25/2022,21,17.0,9.14,56,cloudy,96,interval training
257,185,6/13/2022,45,11.0,3.47,274,sunny,71,long run
258,119,1/28/2022,16,17.0,7.78,379,cloudy,59,tempo run
259,52,3/6/2022,86,10.0,5.95,207,sunny,52,interval training
260,156,11/10/2022,48,7.0,7.93,265,rainy,54,tempo run
261,58,5/31/2022,111,10.0,7.66,176,rainy,95,long run
262,129,3/30/2022,66,11.0,8.62,458,cloudy,68,interval training
263,99,11/25/2022,120,13.0,3.02,395,cloudy,49,long run
264,113,1/29/2022,103,17.0,8.13,235,cloudy,78,long run
265,135,5/17/2022,61,9.0,8.51,53,rainy,53,long run
266,54,7/2/2022,41,10.0,7.37,308,cloudy,100,long run
267,121,11/30/2022,18,20.0,6.26,412,sunny,53,interval training
268,77,6/5/2022,117,19.0,3.94,148,sunny,96,tempo run
269,123,8/29/2022,79,14.0,8.79,138,cloudy,53,tempo run
270,81,9/9/2022,105,15.0,5.66,19,sunny,84,long run
271,62,2/12/2022,87,17.0,9.11,326,sunny,80,interval training
272,173,11/6/2022,102,5.0,3.88,249,sunny,68,tempo run
273,114,4/20/2022,97,6.0,8.05,237,cloudy,41,interval training
274,69,10/31/2022,68,9.0,9.21,206,cloudy,82,long run
275,186,6/29/2022,114,2.0,8.45,405,cloudy,45,tempo run
276,87,5/22/2022,13,1.0,8.3,235,sunny,56,interval training
277,103,11/8/2022,87,3.0,6.19,317,cloudy,53,long run
278,117,10/27/2022,24,10.0,4.33,237,cloudy,81,tempo run
279,50,8/26/2022,31,1.0,9.38,291,cloudy,84,interval training
280,166,12/19/2022,105,9.0,3.56,82,cloudy,71,interval training
281,171,10/30/2022,113,18.0,3.43,129,sunny,77,interval training
282,102,7/29/2022,72,11.0,7.42,300,rainy,84,tempo run
283,128,12/20/2022,100,11.0,5.18,346,rainy,45,tempo run
284,59,3/8/2022,19,17.0,6.76,237,rainy,56,interval training
285,115,1/4/2022,32,17.0,8.13,432,sunny,88,interval training
286,120,2/16/2022,42,17.0,5.43,152,sunny,66,interval training
287,126,6/24/2022,46,10.0,5.46,69,rainy,85,long run
288,169,4/4/2022,22,11.0,8.75,391,rainy,70,tempo run
289,58,8/5/2022,118,4.0,6.76,395,rainy,94,interval training
290,172,10/21/2022,46,1.0,7.21,337,rainy,81,long run
291,121,10/13/2022,64,17.0,4.41,346,cloudy,93,interval training
292,179,9/6/2022,18,3.0,9.72,175,sunny,97,long run
293,69,10/31/2022,81,15.0,3.51,79,sunny,100,long run
294,79,1/19/2022,40,16.0,7.69,174,sunny,85,interval training
295,196,4/7/2022,45,8.0,9.73,465,cloudy,71,long run
296,122,5/27/2022,53,9.0,7.48,72,cloudy,53,tempo run
297,61,1/18/2022,59,19.0,5.37,448,cloudy,61,tempo run
298,87,1/7/2022,81,15.0,7.52,428,cloudy,78,tempo run
299,96,7/11/2022,51,12.0,3.63,392,rainy,63,long run
300,69,11/1/2022,35,19.0,8.62,281,rainy,88,interval training
301,94,2/1/2022,76,15.0,7.25,330,rainy,66,interval training
302,50,2/5/2022,110,19.0,9.63,447,rainy,44,long run
303,159,2/28/2022,88,14.0,3.69,66,cloudy,95,interval training
304,94,11/26/2022,74,12.0,8.64,238,sunny,83,tempo run
305,179,9/10/2022,39,2.0,9.03,269,sunny,49,interval training
306,162,12/7/2022,77,3.0,4.35,295,sunny,76,tempo run
307,69,12/24/2022,58,5.0,5.89,492,sunny,70,interval training
308,56,8/27/2022,81,14.0,7.67,331,cloudy,81,interval training
309,85,7/23/2022,41,9.0,9.92,438,sunny,45,tempo run
310,94,1/18/2022,85,18.0,9.19,221,rainy,56,tempo run
311,142,3/31/2022,62,4.0,4.86,348,sunny,68,interval training
312,172,12/21/2022,100,2.0,7.04,177,cloudy,93,tempo run
313,156,6/19/2022,71,15.0,5.87,360,rainy,45,long run
314,75,5/28/2022,69,11.0,4.52,17,rainy,76,interval training
315,111,8/9/2022,89,5.0,4.82,430,rainy,67,long run
316,53,8/17/2022,86,11.0,8.98,403,cloudy,75,tempo run
317,161,8/15/2022,92,9.0,5.83,394,rainy,66,long run
318,188,7/11/2022,38,19.0,9.08,5,sunny,80,tempo run
319,158,3/13/2022,89,10.0,3.48,43,cloudy,89,tempo run
320,166,5/27/2022,47,6.0,3.35,141,sunny,95,interval training
321,66,1/2/2022,76,20.0,7.82,377,sunny,62,long run
322,195,8/4/2022,86,20.0,6.38,344,rainy,98,long run
323,147,1/30/2022,48,19.0,6.33,151,sunny,53,interval training
324,197,10/18/2022,37,6.0,8.96,312,sunny,97,long run
325,55,8/2/2022,22,16.0,5.74,442,rainy,64,long run
326,154,9/14/2022,44,8.0,5.14,303,cloudy,43,long run
327,120,10/24/2022,112,17.0,3.9,30,sunny,42,tempo run
328,144,10/16/2022,95,15.0,6.56,404,sunny,62,long run
329,94,4/28/2022,112,6.0,6.75,59,rainy,54,long run
330,90,2/2/2022,90,1.0,4.08,420,rainy,42,long run
331,91,7/26/2022,107,20.0,6.95,152,rainy,63,long run
332,171,2/4/2022,10,17.0,9.51,62,cloudy,47,tempo run
333,143,4/25/2022,70,6.0,5.16,110,rainy,44,long run
334,146,10/13/2022,109,20.0,6.66,43,sunny,51,interval training
335,106,9/22/2022,49,18.0,8.21,329,cloudy,78,interval training
336,148,4/6/2022,52,1.0,6.46,272,cloudy,74,interval training
337,160,1/20/2022,86,4.0,6.42,367,cloudy,63,long run
338,91,8/27/2022,59,5.0,6.1,224,sunny,48,tempo run
339,105,1/26/2022,81,8.0,5.02,412,rainy,69,long run
340,180,8/16/2022,77,16.0,3.07,425,rainy,61,long run
341,176,11/25/2022,52,11.0,8.47,94,cloudy,46,interval training
342,113,3/26/2022,116,14.0,4.84,85,sunny,89,tempo run
343,72,2/6/2022,33,14.0,8.19,175,rainy,92,tempo run
344,165,10/14/2022,109,6.0,7.65,205,rainy,65,tempo run
345,95,2/24/2022,80,1.0,5.65,227,rainy,88,long run
346,115,2/12/2022,90,10.0,8.96,171,rainy,41,tempo run
347,126,7/13/2022,24,5.0,9.72,381,sunny,60,interval training
348,61,5/10/2022,21,1.0,6.59,177,cloudy,73,tempo run
349,141,8/7/2022,60,13.0,9.72,432,rainy,46,long run
350,77,2/15/2022,110,3.0,4.57,67,cloudy,51,tempo run
351,197,11/25/2022,12,14.0,6.53,272,rainy,77,interval training
352,189,8/19/2022,63,13.0,3.85,65,cloudy,92,long run
353,115,8/9/2022,77,20.0,6.18,120,rainy,56,long run
354,149,1/9/2022,96,10.0,8.62,138,cloudy,78,long run
355,121,10/9/2022,119,18.0,4.74,90,cloudy,45,tempo run
356,113,8/9/2022,116,14.0,7.2,460,sunny,95,interval training
357,166,1/14/2022,83,11.0,8.39,106,rainy,78,long run
358,106,8/3/2022,12,20.0,8.63,271,rainy,99,tempo run
359,74,11/27/2022,119,17.0,9.48,183,cloudy,91,long run
360,60,6/30/2022,115,3.0,3.27,67,rainy,85,interval training
361,177,3/8/2022,58,7.0,4.77,100,cloudy,70,long run
362,53,12/27/2022,102,9.0,5.75,370,rainy,65,interval training
363,131,1/12/2022,12,20.0,9.08,119,rainy,77,long run
364,130,6/6/2022,101,14.0,7.46,330,sunny,47,tempo run
365,128,8/11/2022,97,3.0,8.61,226,cloudy,64,long run
366,185,7/10/2022,19,6.0,8.24,81,rainy,73,long run
367,108,3/28/2022,94,18.0,9.57,112,cloudy,78,interval training
368,69,8/11/2022,90,2.0,5.18,278,sunny,63,long run
369,92,2/5/2022,61,1.0,5.55,327,sunny,57,long run
370,66,9/21/2022,98,4.0,4.64,328,rainy,89,tempo run
371,180,12/24/2022,27,11.0,9.96,374,rainy,48,long run
372,59,9/6/2022,87,15.0,8.18,418,sunny,98,long run
373,88,6/14/2022,99,7.0,6.34,489,rainy,53,interval training
374,79,8/16/2022,99,2.0,9.99,278,rainy,98,tempo run
375,191,4/3/2022,30,3.0,6.08,28,sunny,96,long run
376,59,9/20/2022,72,2.0,5.49,483,rainy,45,tempo run
377,145,10/13/2022,71,15.0,4.08,466,cloudy,42,interval training
378,120,8/24/2022,107,14.0,6.8,277,sunny,56,interval training
379,154,10/6/2022,85,18.0,3.58,346,sunny,98,tempo run
380,58,3/22/2022,71,10.0,6.26,256,rainy,72,long run
381,94,5/18/2022,85,14.0,3.83,431,rainy,60,long run
382,200,5/17/2022,119,7.0,3.79,72,cloudy,87,interval training
383,141,11/28/2022,80,14.0,6.33,255,sunny,93,tempo run
384,168,9/28/2022,25,10.0,4.72,168,sunny,62,long run
385,94,7/31/2022,112,14.0,9.56,442,rainy,91,tempo run
386,57,1/9/2022,75,18.0,7.61,56,sunny,43,interval training
387,176,12/30/2022,106,15.0,4.39,391,sunny,77,long run
388,191,1/22/2022,109,14.0,6.49,373,rainy,73,interval training
389,66,10/6/2022,78,9.0,5.47,112,rainy,61,interval training
390,129,12/11/2022,25,4.0,7.01,64,cloudy,78,interval training
391,78,9/27/2022,74,13.0,6.29,216,sunny,91,interval training
392,55,7/22/2022,70,1.0,4.92,288,cloudy,55,tempo run
393,79,1/5/2022,20,15.0,9.74,123,sunny,78,tempo run
394,53,8/15/2022,98,15.0,6.75,264,rainy,63,tempo run
395,135,2/14/2022,90,17.0,9.3,178,rainy,49,tempo run
396,59,3/9/2022,86,7.0,3.27,144,rainy,86,tempo run
397,99,6/12/2022,19,16.0,3.96,374,cloudy,90,long run
398,187,11/29/2022,18,11.0,8.9,439,rainy,79,long run
399,153,4/2/2022,94,20.0,9.7,170,rainy,53,long run
400,108,7/12/2022,58,13.0,6.25,236,rainy,71,interval training
401,178,5/19/2022,39,16.0,7.51,401,cloudy,69,tempo run
402,110,6/27/2022,94,17.0,4.26,282,sunny,47,tempo run
403,153,8/12/2022,87,1.0,9.16,355,cloudy,69,interval training
404,130,3/3/2022,102,9.0,6.3,332,cloudy,95,long run
405,66,12/19/2022,106,6.0,7.29,475,cloudy,61,long run
406,127,10/18/2022,53,2.0,3.7,242,rainy,55,tempo run
407,105,4/5/2022,15,3.0,9.22,154,rainy,61,tempo run
408,148,12/11/2022,60,20.0,7.52,360,sunny,91,tempo run
409,98,11/7/2022,88,1.0,8.85,289,cloudy,67,long run
410,177,1/24/2022,14,20.0,8.05,479,sunny,85,interval training
411,85,6/28/2022,90,1.0,9.9,408,rainy,75,interval training
412,183,7/22/2022,118,20.0,8.79,274,rainy,68,long run
413,101,4/26/2022,68,7.0,9.08,68,cloudy,86,long run
414,67,5/30/2022,38,9.0,6.46,307,cloudy,44,interval training
415,135,5/3/2022,99,5.0,5.18,383,rainy,81,long run
416,180,12/27/2022,76,6.0,7.88,22,sunny,46,long run
417,118,5/19/2022,72,8.0,4.28,168,cloudy,91,long run
418,57,6/18/2022,116,6.0,6.22,397,sunny,76,long run
419,126,7/28/2022,66,20.0,6.34,182,rainy,88,long run
420,145,12/29/2022,11,10.0,4.09,445,cloudy,98,long run
421,155,1/12/2022,111,2.0,5.82,169,sunny,40,long run
422,118,6/5/2022,99,12.0,4.16,329,cloudy,65,tempo run
423,182,9/12/2022,29,2.0,4.02,227,sunny,65,long run
424,87,8/16/2022,39,11.0,3.46,183,cloudy,63,tempo run
425,186,4/30/2022,45,14.0,5.61,202,rainy,72,tempo run
426,187,2/23/2022,86,8.0,8.48,7,sunny,65,tempo run
427,143,7/29/2022,12,9.0,4.32,458,cloudy,52,interval training
428,67,7/2/2022,19,13.0,9.82,262,rainy,97,interval training
429,153,2/18/2022,78,9.0,8.66,392,rainy,80,long run
430,97,6/1/2022,11,7.0,3.19,415,rainy,92,tempo run
431,113,9/8/2022,25,2.0,3.61,210,rainy,82,interval training
432,115,4/23/2022,68,6.0,3.63,496,sunny,55,interval training
433,135,2/4/2022,89,15.0,8.64,159,rainy,60,interval training
434,152,5/15/2022,57,13.0,7.98,122,cloudy,66,long run
435,151,4/15/2022,40,9.0,9.24,299,cloudy,68,tempo run
436,118,2/11/2022,62,19.0,3.51,118,sunny,43,long run
437,77,10/7/2022,51,6.0,4.94,109,rainy,45,long run
438,98,11/15/2022,31,19.0,7.54,82,cloudy,62,tempo run
439,147,1/18/2022,96,20.0,7.28,310,sunny,60,tempo run
440,71,9/21/2022,73,3.0,9.11,435,sunny,51,interval training
441,182,9/30/2022,25,6.0,6.25,496,cloudy,84,long run
442,103,4/11/2022,88,17.0,4.85,86,rainy,42,long run
443,161,6/24/2022,65,5.0,4.53,425,rainy,40,tempo run
444,197,7/10/2022,61,19.0,7.06,178,rainy,81,interval training
445,137,5/2/2022,22,17.0,8.21,263,rainy,79,interval training
446,161,9/24/2022,22,4.0,6.87,239,cloudy,68,tempo run
447,50,3/25/2022,29,3.0,6.17,342,cloudy,84,interval training
448,133,10/6/2022,66,10.0,9.29,63,cloudy,85,interval training
449,110,5/14/2022,19,17.0,4.06,87,sunny,48,tempo run
450,91,10/24/2022,97,2.0,7.69,64,sunny,56,interval training
451,115,8/15/2022,12,15.0,4.83,157,cloudy,49,tempo run
452,183,7/5/2022,22,17.0,9.75,464,cloudy,99,tempo run
453,60,9/2/2022,58,7.0,4.24,202,sunny,99,interval training
454,98,10/23/2022,75,4.0,5.0,36,rainy,71,tempo run
455,161,1/24/2022,89,14.0,4.32,397,rainy,98,tempo run
456,157,12/27/2022,70,1.0,8.03,304,sunny,65,tempo run
457,118,12/24/2022,91,15.0,6.52,433,sunny,77,long run
458,70,10/16/2022,17,9.0,5.33,3,cloudy,65,long run
459,107,9/22/2022,36,3.0,3.03,335,rainy,71,interval training
460,73,4/29/2022,115,19.0,6.64,253,cloudy,54,long run
461,138,7/29/2022,73,1.0,9.44,173,rainy,79,long run
462,75,5/30/2022,93,7.0,4.73,195,sunny,70,tempo run
463,56,7/5/2022,70,15.0,5.33,376,cloudy,96,long run
464,141,4/17/2022,69,2.0,7.69,11,sunny,45,interval training
465,94,12/7/2022,52,3.0,8.71,33,cloudy,81,tempo run
466,67,1/22/2022,91,14.0,7.57,73,sunny,89,tempo run
467,196,2/5/2022,34,10.0,5.72,473,sunny,50,long run
468,132,7/23/2022,88,18.0,4.59,395,rainy,40,tempo run
469,66,3/19/2022,55,17.0,3.69,317,cloudy,77,long run
470,132,1/26/2022,26,8.0,5.05,436,sunny,86,long run
471,125,8/9/2022,63,10.0,4.87,206,cloudy,93,tempo run
472,179,10/2/2022,64,12.0,6.42,235,sunny,53,interval training
473,169,2/10/2022,23,6.0,9.04,310,cloudy,89,interval training
474,106,7/1/2022,110,10.0,6.45,182,rainy,46,interval training
475,66,2/6/2022,91,19.0,9.76,155,sunny,69,interval training
476,91,2/26/2022,32,16.0,7.73,135,sunny,81,tempo run
477,169,1/7/2022,57,9.0,8.14,258,rainy,99,long run
478,139,1/10/2022,90,19.0,5.95,303,rainy,73,long run
479,125,7/14/2022,21,8.0,7.94,49,sunny,99,long run
480,174,3/17/2022,109,6.0,7.33,392,cloudy,48,interval training
481,142,2/23/2022,47,10.0,9.8,134,cloudy,59,long run
482,78,1/20/2022,97,4.0,4.41,34,cloudy,45,long run
483,79,10/14/2022,113,10.0,4.9,234,sunny,87,tempo run
484,104,7/4/2022,117,13.0,8.14,244,sunny,100,long run
485,51,5/30/2022,15,10.0,3.3,79,rainy,64,tempo run
486,52,10/21/2022,24,9.0,4.46,108,rainy,42,tempo run
487,196,9/12/2022,116,9.0,8.59,313,rainy,98,interval training
488,147,4/28/2022,75,11.0,5.57,119,rainy,57,interval training
489,73,6/6/2022,120,18.0,7.13,328,sunny,57,long run
490,199,5/31/2022,114,16.0,6.66,206,sunny,94,interval training
491,153,8/5/2022,60,20.0,3.28,294,cloudy,74,interval training
492,135,11/17/2022,107,1.0,9.5,304,cloudy,41,long run
493,139,5/4/2022,110,8.0,7.47,84,sunny,62,long run
494,175,11/10/2022,53,4.0,6.68,355,rainy,100,long run
495,83,5/5/2022,27,4.0,3.26,371,cloudy,71,interval training
496,104,10/18/2022,64,1.0,9.97,125,rainy,50,interval training
497,58,12/26/2022,66,14.0,5.9,400,sunny,41,interval training
498,95,10/27/2022,66,11.0,7.52,418,sunny,76,interval training
499,116,3/31/2022,102,12.0,4.13,72,rainy,97,tempo run
500,173,2/22/2022,84,5.0,7.42,93,cloudy,40,long run
501,118,10/1/2022,21,4.0,3.89,108,cloudy,48,interval training
502,141,7/15/2022,56,9.0,6.32,194,cloudy,47,tempo run
503,110,7/23/2022,22,8.0,4.46,75,cloudy,41,long run
504,194,4/6/2022,69,16.0,7.05,448,sunny,86,tempo run
505,71,3/1/2022,42,4.0,7.23,232,rainy,94,interval training
506,180,12/27/2022,120,9.0,6.68,371,sunny,52,interval training
507,127,10/23/2022,111,13.0,3.21,213,cloudy,40,tempo run
508,171,10/27/2022,104,3.0,4.47,352,rainy,67,long run
509,99,10/17/2022,66,6.0,8.32,52,cloudy,89,long run
510,188,4/16/2022,26,18.0,4.63,3,cloudy,95,long run
511,160,6/19/2022,117,6.0,4.36,403,sunny,95,interval training
512,112,9/2/2022,119,10.0,4.96,257,cloudy,48,tempo run
513,61,8/29/2022,115,13.0,3.23,207,cloudy,41,interval training
514,51,8/17/2022,111,19.0,7.54,229,rainy,84,long run
515,120,7/7/2022,61,14.0,4.95,154,cloudy,80,interval training
516,57,10/25/2022,99,20.0,9.36,108,sunny,93,interval training
517,148,3/26/2022,89,16.0,3.52,279,rainy,76,long run
518,135,7/6/2022,22,5.0,7.24,76,rainy,70,long run
519,163,10/5/2022,53,8.0,5.53,213,cloudy,50,long run
520,84,10/25/2022,52,9.0,8.36,21,cloudy,67,tempo run
521,115,11/28/2022,13,15.0,3.1,335,cloudy,69,interval training
522,183,9/7/2022,120,14.0,4.4,79,cloudy,67,interval training
523,72,4/11/2022,29,13.0,9.82,223,cloudy,88,long run
524,106,12/30/2022,67,10.0,8.65,307,rainy,81,tempo run
525,101,10/4/2022,55,2.0,6.16,349,sunny,45,tempo run
526,132,12/8/2022,94,2.0,5.76,241,rainy,98,long run
527,140,4/16/2022,117,5.0,6.6,386,sunny,45,interval training
528,89,4/26/2022,87,4.0,8.47,330,cloudy,75,tempo run
529,90,7/15/2022,93,16.0,7.34,343,rainy,73,interval training
530,74,3/8/2022,23,4.0,8.8,13,rainy,74,tempo run
531,186,12/21/2022,60,19.0,9.78,385,sunny,59,tempo run
532,185,4/22/2022,86,20.0,5.18,258,sunny,66,interval training
533,69,10/25/2022,13,20.0,7.24,331,cloudy,100,tempo run
534,50,2/10/2022,17,2.0,5.11,395,rainy,40,interval training
535,95,5/28/2022,20,1.0,7.13,445,rainy,52,long run
536,162,11/27/2022,66,13.0,9.46,382,cloudy,44,interval training
537,101,7/1/2022,99,8.0,7.81,24,rainy,100,interval training
538,154,3/29/2022,43,14.0,4.88,92,sunny,80,interval training
539,87,3/21/2022,27,11.0,3.28,489,sunny,80,interval training
540,94,6/14/2022,33,15.0,3.1,462,sunny,52,interval training
541,75,9/5/2022,23,17.0,9.76,278,rainy,70,interval training
542,67,3/22/2022,70,9.0,3.06,191,sunny,52,interval training
543,147,5/5/2022,26,13.0,8.45,280,rainy,75,interval training
544,149,4/18/2022,103,9.0,3.29,28,rainy,55,tempo run
545,85,8/21/2022,89,13.0,9.56,15,sunny,63,interval training
546,107,4/15/2022,83,20.0,8.52,95,sunny,41,tempo run
547,112,12/18/2022,70,7.0,3.01,347,cloudy,79,long run
548,92,2/10/2022,69,3.0,9.73,255,sunny,86,interval training
549,174,4/30/2022,43,3.0,3.45,473,sunny,45,interval training
550,74,11/4/2022,46,3.0,9.64,141,cloudy,84,long run
551,122,5/21/2022,37,2.0,6.08,339,sunny,51,interval training
552,108,10/21/2022,12,17.0,4.11,197,sunny,74,interval training
553,183,7/15/2022,110,13.0,5.41,133,sunny,57,tempo run
554,68,11/29/2022,11,16.0,7.24,76,cloudy,64,interval training
555,141,1/29/2022,75,4.0,8.87,125,sunny,43,interval training
556,97,12/26/2022,83,9.0,7.78,117,rainy,74,long run
557,62,3/21/2022,56,13.0,6.23,51,cloudy,88,interval training
558,194,10/25/2022,120,14.0,7.73,325,cloudy,82,tempo run
559,54,1/5/2022,20,17.0,8.05,408,sunny,92,tempo run
560,180,6/16/2022,69,3.0,7.83,458,cloudy,93,long run
561,116,1/26/2022,15,17.0,9.14,168,rainy,50,long run
562,95,5/29/2022,13,3.0,4.45,329,sunny,54,tempo run
563,73,1/5/2022,40,18.0,5.64,393,sunny,79,long run
564,51,7/9/2022,101,14.0,9.99,44,sunny,65,long run
565,91,11/17/2022,27,15.0,4.11,380,rainy,64,tempo run
566,144,9/4/2022,83,19.0,8.99,438,sunny,77,tempo run
567,80,1/19/2022,111,13.0,8.81,315,rainy,56,long run
568,190,6/22/2022,40,9.0,7.42,343,sunny,100,tempo run
569,135,2/1/2022,31,1.0,4.38,238,cloudy,43,tempo run
570,71,6/20/2022,24,12.0,8.85,184,cloudy,74,long run
571,109,7/29/2022,54,19.0,7.1,338,sunny,58,long run
572,115,1/8/2022,46,15.0,8.72,236,cloudy,90,tempo run
573,87,10/24/2022,52,10.0,6.49,395,rainy,47,tempo run
574,80,2/2/2022,24,1.0,5.87,321,cloudy,78,tempo run
575,95,3/11/2022,12,14.0,6.96,137,sunny,77,tempo run
576,52,6/7/2022,14,2.0,7.22,244,rainy,62,long run
577,171,2/1/2022,89,10.0,3.77,237,rainy,59,interval training
578,76,5/2/2022,92,14.0,9.37,109,rainy,85,tempo run
579,55,5/1/2022,105,7.0,3.98,166,sunny,64,interval training
580,54,7/5/2022,106,19.0,9.16,131,sunny,57,long run
581,128,5/22/2022,45,7.0,4.49,259,rainy,69,interval training
582,101,3/28/2022,115,19.0,9.37,323,rainy,55,long run
583,68,9/3/2022,69,5.0,4.41,196,rainy,88,long run
584,54,3/5/2022,78,12.0,3.96,176,cloudy,62,long run
585,173,9/6/2022,93,6.0,4.14,198,cloudy,49,tempo run
586,186,12/30/2022,75,4.0,9.28,242,rainy,54,long run
587,84,10/31/2022,88,15.0,8.85,259,rainy,75,long run
588,148,4/21/2022,81,10.0,4.72,55,cloudy,50,interval training
589,73,6/30/2022,67,13.0,5.97,9,sunny,91,tempo run
590,91,8/10/2022,18,11.0,9.33,191,cloudy,46,tempo run
591,58,1/13/2022,107,12.0,5.9,156,sunny,42,interval training
592,153,2/28/2022,87,10.0,5.45,163,sunny,40,interval training
593,166,1/13/2022,118,14.0,8.48,381,cloudy,78,long run
594,92,2/4/2022,19,19.0,4.14,289,cloudy,43,long run
595,111,1/31/2022,30,3.0,8.99,349,sunny,94,tempo run
596,94,4/11/2022,44,6.0,3.94,254,rainy,81,long run
597,148,9/22/2022,116,7.0,7.48,12,sunny,57,long run
598,92,7/15/2022,54,2.0,7.16,275,sunny,83,tempo run
599,147,4/28/2022,39,9.0,7.88,111,rainy,76,tempo run
600,113,4/10/2022,102,19.0,4.21,43,cloudy,69,interval training
601,143,1/12/2022,45,17.0,7.56,459,sunny,59,long run
602,155,7/12/2022,17,2.0,3.08,352,sunny,82,tempo run
603,99,3/20/2022,115,13.0,6.44,482,sunny,66,long run
604,92,2/3/2022,31,17.0,8.94,425,cloudy,73,long run
605,161,5/31/2022,90,12.0,6.51,443,cloudy,83,interval training
606,167,7/2/2022,33,19.0,8.96,374,rainy,62,tempo run
607,77,11/29/2022,66,6.0,5.74,459,rainy,44,interval training
608,71,4/4/2022,117,13.0,8.02,217,cloudy,97,long run
609,141,7/27/2022,43,11.0,7.26,418,sunny,79,tempo run
610,55,1/24/2022,22,1.0,4.15,363,rainy,100,tempo run
611,157,5/6/2022,68,15.0,7.79,404,rainy,72,long run
612,173,11/26/2022,51,17.0,4.62,480,cloudy,72,interval training
613,187,6/2/2022,23,10.0,9.36,381,sunny,78,long run
614,87,2/11/2022,84,15.0,8.61,469,sunny,63,tempo run
615,62,5/12/2022,24,17.0,5.37,395,sunny,88,tempo run
616,134,9/12/2022,39,12.0,9.57,319,sunny,100,tempo run
617,121,2/1/2022,51,19.0,3.27,278,rainy,82,long run
618,185,6/21/2022,117,6.0,3.37,71,sunny,83,long run
619,188,2/8/2022,10,12.0,8.86,491,rainy,65,interval training
620,58,9/3/2022,117,10.0,7.31,431,rainy,56,interval training
621,124,7/8/2022,99,1.0,7.87,178,rainy,65,long run
622,112,8/5/2022,43,1.0,5.27,243,sunny,86,tempo run
623,107,12/19/2022,85,7.0,7.81,8,cloudy,47,interval training
624,176,10/30/2022,59,3.0,6.81,357,cloudy,84,interval training
625,161,2/23/2022,18,2.0,8.07,138,cloudy,42,tempo run
626,192,7/1/2022,108,4.0,3.99,312,cloudy,89,interval training
627,173,7/17/2022,32,1.0,7.53,4,sunny,57,long run
628,159,11/29/2022,86,20.0,5.26,335,rainy,86,tempo run
629,96,8/8/2022,107,18.0,6.7,334,cloudy,43,interval training
630,190,6/22/2022,24,15.0,3.82,335,sunny,98,interval training
631,125,4/9/2022,91,10.0,6.6,168,rainy,44,interval training
632,151,12/6/2022,106,17.0,5.55,116,sunny,47,interval training
633,142,11/24/2022,94,12.0,5.28,59,rainy,77,interval training
634,132,5/12/2022,52,19.0,9.51,103,rainy,72,interval training
635,154,7/19/2022,94,12.0,8.34,106,sunny,71,long run
636,120,9/12/2022,83,9.0,3.9,119,cloudy,76,long run
637,136,6/26/2022,90,13.0,7.83,383,sunny,89,interval training
638,163,8/14/2022,84,2.0,8.65,32,rainy,84,long run
639,91,8/9/2022,60,17.0,5.24,474,rainy,90,long run
640,81,2/11/2022,76,19.0,5.55,229,rainy,79,tempo run
641,192,12/29/2022,77,3.0,3.22,257,sunny,93,long run
642,145,9/2/2022,108,16.0,8.13,330,sunny,80,tempo run
643,104,1/3/2022,94,10.0,7.37,263,sunny,60,tempo run
644,121,12/18/2022,110,11.0,4.74,155,sunny,95,tempo run
645,79,1/9/2022,45,7.0,6.82,332,rainy,86,interval training
646,129,8/23/2022,13,16.0,8.6,189,sunny,63,interval training
647,99,6/7/2022,86,4.0,7.43,34,cloudy,44,long run
648,73,5/28/2022,10,4.0,7.38,332,sunny,48,interval training
649,140,6/23/2022,60,18.0,8.16,382,cloudy,86,long run
650,71,10/10/2022,67,18.0,6.7,187,sunny,90,long run
651,83,9/3/2022,29,10.0,3.68,416,sunny,90,tempo run
652,161,12/6/2022,65,2.0,4.83,474,cloudy,72,long run
653,172,7/15/2022,38,15.0,9.51,158,cloudy,46,long run
654,137,3/7/2022,92,3.0,9.57,301,cloudy,53,long run
655,189,2/20/2022,14,2.0,8.12,340,cloudy,92,tempo run
656,167,11/11/2022,66,6.0,6.38,487,rainy,49,long run
657,97,5/18/2022,13,10.0,7.51,335,cloudy,72,tempo run
658,136,4/21/2022,73,5.0,4.32,73,sunny,85,interval training
659,180,11/5/2022,108,18.0,8.96,139,rainy,90,interval training
660,115,12/20/2022,57,2.0,4.07,414,cloudy,69,long run
661,101,1/15/2022,57,16.0,8.4,81,cloudy,51,long run
662,172,9/29/2022,66,13.0,9.88,203,cloudy,77,interval training
663,99,6/13/2022,107,7.0,3.1,290,rainy,86,interval training
664,187,12/11/2022,61,7.0,6.66,204,rainy,94,tempo run
665,184,11/29/2022,108,2.0,4.24,70,cloudy,83,interval training
666,192,2/20/2022,70,2.0,9.11,97,sunny,67,long run
667,77,2/7/2022,59,8.0,8.33,484,sunny,92,long run
668,153,10/23/2022,57,14.0,4.56,298,sunny,65,interval training
669,106,12/7/2022,22,20.0,4.74,366,cloudy,85,long run
670,98,8/1/2022,69,3.0,3.01,105,rainy,82,tempo run
671,83,9/11/2022,113,12.0,9.65,72,cloudy,98,tempo run
672,102,3/23/2022,25,13.0,7.6,230,sunny,51,interval training
673,76,11/7/2022,88,17.0,6.72,213,rainy,88,long run
674,54,1/15/2022,64,15.0,8.6,195,sunny,54,long run
675,185,7/28/2022,108,4.0,4.31,208,rainy,59,long run
676,84,5/21/2022,23,17.0,9.2,74,rainy,46,long run
677,154,6/17/2022,77,14.0,6.27,113,sunny,74,interval training
678,155,4/19/2022,77,3.0,6.58,460,rainy,99,interval training
679,92,1/8/2022,68,13.0,8.67,439,rainy,70,interval training
680,128,7/27/2022,89,10.0,9.71,224,cloudy,97,tempo run
681,90,6/9/2022,48,3.0,3.85,485,sunny,64,interval training
682,79,7/16/2022,106,7.0,5.92,114,rainy,52,interval training
683,63,11/27/2022,59,16.0,4.88,484,rainy,45,long run
684,77,1/13/2022,87,9.0,8.47,329,sunny,68,long run
685,157,9/30/2022,48,5.0,9.93,172,sunny,64,tempo run
686,146,2/1/2022,95,9.0,6.73,296,rainy,43,long run
687,165,2/8/2022,84,4.0,3.69,31,rainy,66,tempo run
688,177,10/6/2022,37,11.0,3.29,373,cloudy,72,tempo run
689,179,4/30/2022,18,18.0,4.44,365,cloudy,92,tempo run
690,168,1/26/2022,37,10.0,8.49,455,cloudy,63,interval training
691,171,12/1/2022,50,11.0,9.99,24,cloudy,53,tempo run
692,167,8/15/2022,66,20.0,3.03,429,rainy,67,tempo run
693,147,4/7/2022,67,4.0,6.34,365,rainy,73,interval training
694,57,11/29/2022,42,2.0,5.02,485,sunny,95,interval training
695,81,4/7/2022,28,4.0,4.72,380,cloudy,77,interval training
696,65,1/12/2022,60,10.0,4.53,476,sunny,45,tempo run
697,76,1/18/2022,98,7.0,5.88,111,rainy,51,interval training
698,145,10/9/2022,115,12.0,5.15,24,sunny,87,tempo run
699,161,4/23/2022,67,16.0,9.23,116,sunny,78,long run
700,105,9/8/2022,117,1.0,3.09,325,cloudy,68,tempo run
701,184,10/18/2022,25,10.0,6.81,39,cloudy,85,tempo run
702,88,6/28/2022,106,7.0,5.69,492,sunny,64,interval training
703,154,5/11/2022,43,8.0,6.85,251,cloudy,41,tempo run
704,187,3/11/2022,29,9.0,4.86,297,sunny,62,interval training
705,134,2/6/2022,42,1.0,3.75,305,sunny,77,long run
706,181,7/29/2022,83,11.0,7.42,163,rainy,87,tempo run
707,182,6/19/2022,101,10.0,9.41,328,cloudy,58,long run
708,88,1/29/2022,69,9.0,7.99,89,sunny,46,interval training
709,124,1/19/2022,101,3.0,4.24,228,cloudy,41,interval training
710,72,7/11/2022,72,11.0,3.72,487,cloudy,55,long run
711,92,8/17/2022,10,1.0,9.05,281,rainy,52,long run
712,50,4/30/2022,103,11.0,4.8,87,cloudy,69,interval training
713,137,5/7/2022,105,10.0,7.08,178,cloudy,75,interval training
714,163,9/10/2022,68,7.0,9.87,34,rainy,44,long run
715,198,10/24/2022,112,11.0,8.11,418,sunny,53,interval training
716,127,7/9/2022,50,4.0,7.08,118,cloudy,60,tempo run
717,195,10/6/2022,102,10.0,3.64,471,cloudy,64,interval training
718,131,4/25/2022,108,20.0,7.78,433,sunny,93,long run
719,99,2/22/2022,19,17.0,7.29,6,rainy,58,long run
720,128,9/23/2022,76,13.0,8.14,118,rainy,46,long run
721,77,11/23/2022,65,7.0,8.4,266,sunny,98,long run
722,165,5/8/2022,118,11.0,9.65,207,sunny,53,tempo run
723,181,3/29/2022,87,16.0,4.1,246,rainy,42,interval training
724,74,2/5/2022,86,18.0,3.3,353,cloudy,82,long run
725,69,3/8/2022,78,10.0,7.21,221,cloudy,61,tempo run
726,166,7/30/2022,75,17.0,9.67,196,cloudy,56,long run
727,127,3/19/2022,68,16.0,4.45,387,cloudy,86,long run
728,59,7/24/2022,80,12.0,9.22,104,rainy,65,long run
729,133,7/1/2022,115,19.0,7.6,250,cloudy,69,interval training
730,57,5/25/2022,109,8.0,8.22,307,cloudy,85,long run
731,138,2/10/2022,28,1.0,6.5,50,cloudy,45,tempo run
732,51,7/23/2022,64,11.0,3.38,417,cloudy,91,tempo run
733,80,11/17/2022,75,12.0,8.31,161,sunny,64,interval training
734,115,12/26/2022,33,13.0,7.49,301,rainy,61,tempo run
735,53,5/22/2022,55,16.0,4.01,453,rainy,41,long run
736,61,5/18/2022,117,4.0,8.13,191,sunny,71,long run
737,172,10/26/2022,85,11.0,5.6,13,rainy,47,interval training
738,151,9/13/2022,73,7.0,5.19,276,sunny,99,tempo run
739,61,1/25/2022,15,14.0,4.07,479,rainy,67,tempo run
740,169,6/17/2022,60,2.0,4.21,463,sunny,63,long run
741,122,3/7/2022,17,13.0,9.33,9,cloudy,90,long run
742,190,11/1/2022,96,7.0,7.76,129,cloudy,60,interval training
743,122,1/29/2022,47,1.0,7.03,229,rainy,75,long run
744,150,7/29/2022,96,3.0,8.59,96,rainy,82,long run
745,130,7/21/2022,13,15.0,4.45,170,cloudy,44,tempo run
746,72,8/29/2022,79,20.0,7.63,251,sunny,96,tempo run
747,52,1/8/2022,33,19.0,9.1,220,sunny,95,interval training
748,126,12/21/2022,104,9.0,9.55,98,sunny,77,interval training
749,135,9/25/2022,14,5.0,9.35,199,cloudy,82,long run
750,145,1/10/2022,84,20.0,4.26,494,rainy,42,interval training
751,66,7/11/2022,48,19.0,5.29,168,sunny,66,interval training
752,189,4/16/2022,100,3.0,6.36,413,rainy,97,interval training
753,186,10/24/2022,60,19.0,7.07,320,rainy,99,long run
754,53,3/5/2022,51,6.0,8.49,411,rainy,63,long run
755,86,10/20/2022,83,7.0,7.26,34,cloudy,50,interval training
756,128,7/26/2022,14,10.0,4.97,286,cloudy,52,interval training
757,105,9/20/2022,30,13.0,5.51,107,cloudy,57,tempo run
758,119,6/24/2022,38,5.0,9.56,499,rainy,55,tempo run
759,105,5/19/2022,51,1.0,9.3,499,rainy,93,tempo run
760,131,11/11/2022,44,19.0,8.09,405,rainy,98,long run
761,107,5/21/2022,28,6.0,3.98,141,sunny,73,long run
762,132,1/2/2022,105,8.0,3.42,469,cloudy,40,long run
763,60,10/2/2022,105,16.0,3.45,494,sunny,78,long run
764,117,11/4/2022,95,18.0,6.0,192,sunny,65,interval training
765,115,4/14/2022,74,3.0,8.11,432,cloudy,70,long run
766,176,8/1/2022,44,4.0,3.13,445,rainy,89,long run
767,167,12/15/2022,101,12.0,3.07,59,rainy,69,tempo run
768,176,11/7/2022,10,5.0,6.73,89,sunny,85,long run
769,55,11/21/2022,120,1.0,4.01,321,sunny,68,long run
770,189,1/8/2022,22,10.0,9.63,143,sunny,100,long run
771,149,2/2/2022,11,1.0,7.96,355,cloudy,81,interval training
772,89,11/27/2022,11,6.0,6.39,296,rainy,74,long run
773,83,1/7/2022,30,17.0,5.14,185,sunny,72,long run
774,185,5/13/2022,107,17.0,7.22,250,rainy,52,interval training
775,55,3/28/2022,52,15.0,9.31,351,cloudy,47,interval training
776,114,11/26/2022,83,18.0,5.73,158,rainy,88,long run
777,134,5/10/2022,94,2.0,7.47,252,cloudy,66,long run
778,121,2/23/2022,91,15.0,6.56,193,sunny,62,interval training
779,103,10/4/2022,101,10.0,6.64,46,cloudy,49,long run
780,97,8/31/2022,24,7.0,4.72,351,cloudy,40,long run
781,173,7/3/2022,48,7.0,5.09,118,rainy,92,long run
782,159,2/21/2022,28,6.0,5.76,427,cloudy,54,interval training
783,198,6/30/2022,19,9.0,5.32,391,rainy,67,tempo run
784,130,11/10/2022,98,12.0,8.01,280,cloudy,82,tempo run
785,146,9/29/2022,89,18.0,9.53,391,rainy,53,long run
786,193,4/28/2022,102,8.0,9.64,187,cloudy,80,tempo run
787,182,9/14/2022,26,10.0,5.2,405,cloudy,97,interval training
788,92,8/13/2022,51,7.0,9.25,89,cloudy,86,interval training
789,133,6/28/2022,64,19.0,5.27,178,cloudy,97,tempo run
790,122,10/14/2022,104,18.0,7.75,344,cloudy,69,tempo run
791,95,10/19/2022,78,1.0,3.61,482,rainy,52,long run
792,145,1/1/2022,17,6.0,6.18,370,rainy,53,tempo run
793,178,6/8/2022,46,8.0,5.16,44,sunny,98,long run
794,143,5/11/2022,37,12.0,9.07,256,cloudy,94,interval training
795,104,7/25/2022,101,8.0,5.97,137,cloudy,63,tempo run
796,105,7/2/2022,22,14.0,7.99,166,rainy,64,tempo run
797,129,6/13/2022,26,12.0,5.39,304,sunny,50,long run
798,174,2/18/2022,95,8.0,8.21,321,cloudy,66,interval training
799,132,10/1/2022,48,12.0,5.9,481,cloudy,74,tempo run
800,61,12/20/2022,75,12.0,7.24,10,sunny,73,interval training
801,54,2/10/2022,65,2.0,3.45,254,rainy,97,interval training
802,99,11/26/2022,32,14.0,8.14,312,sunny,75,tempo run
803,181,1/14/2022,99,20.0,9.25,494,rainy,70,tempo run
804,162,7/1/2022,51,7.0,3.86,170,sunny,88,interval training
805,163,2/11/2022,13,3.0,9.9,417,cloudy,89,tempo run
806,165,4/30/2022,80,4.0,4.23,311,rainy,50,interval training
807,171,10/13/2022,86,6.0,4.79,210,rainy,89,interval training
808,77,12/17/2022,104,10.0,5.03,120,cloudy,49,interval training
809,110,6/17/2022,34,17.0,4.95,344,rainy,40,tempo run
810,200,5/20/2022,21,20.0,9.47,86,cloudy,88,long run
811,99,2/6/2022,66,7.0,5.68,299,rainy,88,tempo run
812,118,4/6/2022,21,11.0,3.33,119,cloudy,61,long run
813,65,1/22/2022,24,7.0,4.14,131,cloudy,62,tempo run
814,68,9/26/2022,24,5.0,6.91,409,sunny,53,long run
815,153,3/22/2022,104,1.0,4.93,368,sunny,76,long run
816,116,2/5/2022,100,2.0,5.55,303,cloudy,96,long run
817,93,3/3/2022,43,17.0,9.09,465,cloudy,55,interval training
818,65,12/2/2022,81,6.0,9.19,214,sunny,73,long run
819,68,7/27/2022,68,11.0,5.4,50,sunny,77,interval training
820,186,4/8/2022,36,12.0,7.57,269,cloudy,75,tempo run
821,108,9/1/2022,45,17.0,6.84,388,sunny,76,interval training
822,106,4/12/2022,88,11.0,7.68,199,sunny,93,interval training
823,99,7/8/2022,118,4.0,3.56,411,rainy,76,tempo run
824,165,4/5/2022,64,9.0,3.65,364,sunny,56,long run
825,88,2/14/2022,57,11.0,9.86,245,sunny,91,long run
826,108,7/28/2022,27,6.0,6.66,193,cloudy,68,tempo run
827,158,7/27/2022,80,5.0,6.56,259,cloudy,49,long run
828,63,5/15/2022,115,5.0,3.1,91,cloudy,99,long run
829,79,1/11/2022,61,1.0,6.99,212,sunny,60,interval training
830,80,2/9/2022,33,15.0,7.53,222,sunny,97,tempo run
831,96,6/1/2022,16,9.0,5.43,482,cloudy,92,tempo run
832,185,6/17/2022,42,15.0,4.84,421,sunny,63,tempo run
833,142,5/23/2022,78,3.0,8.9,260,cloudy,100,long run
834,130,2/17/2022,20,1.0,3.85,145,cloudy,82,long run
835,88,11/13/2022,22,5.0,9.55,132,rainy,45,interval training
836,183,9/18/2022,112,9.0,9.8,362,sunny,97,long run
837,143,10/12/2022,36,7.0,5.49,409,sunny,77,long run
838,109,12/24/2022,59,19.0,7.85,94,sunny,43,long run
839,186,7/1/2022,69,5.0,3.8,464,cloudy,65,interval training
840,97,2/2/2022,72,7.0,5.11,25,sunny,60,interval training
841,136,5/23/2022,32,6.0,4.86,461,rainy,75,tempo run
842,53,3/15/2022,98,16.0,9.72,143,rainy,80,tempo run
843,125,5/21/2022,110,1.0,6.89,19,cloudy,58,tempo run
844,138,10/21/2022,99,15.0,4.34,415,sunny,79,interval training
845,111,11/27/2022,93,3.0,5.87,43,rainy,84,interval training
846,58,6/26/2022,118,14.0,3.85,261,rainy,65,tempo run
847,185,11/28/2022,74,19.0,7.55,17,sunny,85,long run
848,168,6/25/2022,96,5.0,7.01,211,rainy,76,long run
849,190,3/18/2022,56,2.0,7.71,472,rainy,100,long run
850,55,1/6/2022,73,18.0,3.29,120,sunny,100,tempo run
851,90,2/16/2022,71,10.0,8.01,120,cloudy,85,tempo run
852,141,3/5/2022,99,18.0,7.04,339,sunny,81,tempo run
853,81,5/29/2022,21,19.0,4.29,74,sunny,95,long run
854,193,5/27/2022,99,11.0,4.01,484,rainy,45,long run
855,104,8/24/2022,90,20.0,6.47,93,rainy,61,interval training
856,172,6/12/2022,41,19.0,7.13,25,rainy,58,interval training
857,180,6/18/2022,63,13.0,4.33,232,cloudy,53,tempo run
858,67,12/20/2022,86,9.0,7.47,26,rainy,81,interval training
859,135,5/1/2022,52,3.0,7.7,384,cloudy,84,tempo run
860,130,4/18/2022,24,11.0,8.4,278,cloudy,58,interval training
861,195,8/2/2022,15,20.0,4.12,128,rainy,69,tempo run
862,79,4/6/2022,77,6.0,9.93,354,rainy,66,long run
863,116,10/9/2022,103,6.0,4.25,335,rainy,54,tempo run
864,96,6/1/2022,105,3.0,9.92,181,rainy,54,long run
865,109,3/23/2022,14,6.0,9.95,348,rainy,65,interval training
866,79,2/19/2022,32,13.0,4.05,483,cloudy,90,long run
867,98,2/16/2022,51,20.0,4.18,355,cloudy,83,long run
868,71,3/14/2022,47,15.0,4.27,4,rainy,44,interval training
869,154,8/8/2022,73,16.0,6.35,401,rainy,40,tempo run
870,123,6/3/2022,14,9.0,3.14,312,cloudy,83,interval training
871,112,7/20/2022,90,10.0,5.79,383,sunny,79,tempo run
872,174,9/8/2022,113,13.0,7.36,195,rainy,47,tempo run
873,95,2/26/2022,45,2.0,6.59,171,rainy,75,tempo run
874,62,3/22/2022,21,3.0,8.68,429,cloudy,98,long run
875,188,6/18/2022,118,3.0,3.96,449,cloudy,60,long run
876,141,2/28/2022,47,12.0,6.18,90,sunny,41,interval training
877,199,8/2/2022,10,19.0,7.59,447,sunny,45,tempo run
878,98,1/18/2022,116,8.0,5.83,395,sunny,76,long run
879,108,6/1/2022,63,14.0,4.32,239,rainy,86,interval training
880,59,8/13/2022,63,4.0,3.85,141,cloudy,64,interval training
881,114,9/16/2022,115,14.0,6.95,484,rainy,48,interval training
882,64,4/12/2022,118,12.0,5.13,273,sunny,57,long run
883,142,5/29/2022,107,5.0,5.98,340,sunny,78,long run
884,65,8/19/2022,72,3.0,3.56,432,cloudy,79,interval training
885,92,2/10/2022,23,14.0,9.75,232,cloudy,49,long run
886,58,11/23/2022,15,17.0,3.48,10,sunny,67,tempo run
887,155,2/4/2022,94,17.0,6.43,437,cloudy,71,long run
888,140,5/19/2022,60,5.0,9.68,398,sunny,81,tempo run
889,127,9/1/2022,86,3.0,9.41,499,cloudy,99,tempo run
890,95,5/12/2022,18,4.0,5.32,28,cloudy,92,long run
891,156,11/10/2022,118,5.0,8.15,256,sunny,63,tempo run
892,187,6/12/2022,110,6.0,4.78,260,rainy,73,tempo run
893,182,10/17/2022,25,18.0,5.19,10,rainy,68,long run
894,196,9/13/2022,40,3.0,5.9,493,rainy,66,tempo run
895,65,8/26/2022,97,17.0,7.41,330,cloudy,59,interval training
896,116,4/19/2022,54,6.0,4.01,158,sunny,70,tempo run
897,67,5/22/2022,98,3.0,7.41,294,cloudy,46,tempo run
898,124,8/3/2022,111,20.0,3.15,128,sunny,68,tempo run
899,70,4/25/2022,27,17.0,7.65,242,sunny,58,long run
900,156,9/23/2022,35,9.0,7.86,419,rainy,52,tempo run
901,178,11/21/2022,43,2.0,5.76,271,rainy,99,tempo run
902,189,6/12/2022,98,15.0,5.9,56,rainy,93,long run
903,146,11/18/2022,13,5.0,8.28,421,sunny,79,long run
904,53,11/5/2022,112,14.0,8.85,162,rainy,84,long run
905,188,1/17/2022,104,13.0,8.92,227,rainy,92,tempo run
906,166,8/30/2022,50,9.0,6.38,3,cloudy,58,long run
907,62,3/9/2022,32,16.0,6.48,8,rainy,47,interval training
908,112,4/6/2022,117,10.0,8.59,246,rainy,64,tempo run
909,95,3/22/2022,116,7.0,8.51,417,sunny,60,tempo run
910,55,12/7/2022,53,20.0,4.44,103,cloudy,99,tempo run
911,194,4/29/2022,45,10.0,6.22,36,cloudy,66,interval training
912,161,6/6/2022,62,12.0,5.41,50,rainy,66,interval training
913,129,2/25/2022,52,6.0,7.15,234,sunny,91,interval training
914,150,8/19/2022,26,16.0,3.89,334,sunny,42,tempo run
915,141,6/11/2022,46,7.0,3.04,134,sunny,87,tempo run
916,139,4/9/2022,105,16.0,5.05,369,rainy,81,interval training
917,159,3/18/2022,77,15.0,6.19,457,cloudy,71,long run
918,128,9/3/2022,20,8.0,4.23,365,rainy,47,long run
919,196,3/9/2022,97,9.0,9.3,345,cloudy,53,interval training
920,151,11/8/2022,39,20.0,7.33,103,sunny,69,long run
921,67,10/20/2022,73,3.0,9.73,272,cloudy,66,interval training
922,67,8/28/2022,73,1.0,8.7,90,sunny,61,interval training
923,163,3/16/2022,120,14.0,7.47,299,rainy,79,long run
924,168,3/3/2022,95,16.0,7.67,216,cloudy,90,tempo run
925,199,10/15/2022,38,7.0,9.13,282,sunny,86,long run
926,182,2/21/2022,83,6.0,7.31,217,cloudy,62,interval training
927,112,1/6/2022,26,8.0,3.31,238,cloudy,60,interval training
928,115,11/23/2022,67,10.0,9.82,397,cloudy,52,tempo run
929,136,5/27/2022,66,20.0,4.75,207,sunny,94,tempo run
930,169,5/2/2022,101,4.0,5.53,196,sunny,46,interval training
931,95,10/31/2022,116,6.0,6.06,295,sunny,62,interval training
932,142,1/26/2022,96,2.0,8.9,105,sunny,50,interval training
933,52,2/22/2022,67,10.0,4.07,197,rainy,100,interval training
934,93,4/3/2022,45,18.0,7.08,387,rainy,48,tempo run
935,108,5/18/2022,31,3.0,7.58,138,rainy,98,interval training
936,80,5/1/2022,108,19.0,4.99,107,rainy,82,interval training
937,85,4/17/2022,54,1.0,8.5,349,rainy,89,tempo run
938,191,12/14/2022,12,2.0,6.13,122,sunny,76,interval training
939,65,8/4/2022,18,11.0,4.77,477,sunny,96,interval training
940,136,4/24/2022,29,14.0,9.24,172,sunny,43,long run
941,114,1/17/2022,94,1.0,4.97,133,rainy,78,long run
942,79,2/18/2022,41,4.0,5.71,454,sunny,88,tempo run
943,129,3/12/2022,102,10.0,9.41,300,sunny,58,tempo run
944,171,4/19/2022,80,6.0,8.41,493,sunny,96,long run
945,108,9/4/2022,112,15.0,3.49,155,rainy,41,long run
946,118,7/16/2022,24,15.0,5.95,203,sunny,75,interval training
947,191,7/22/2022,67,5.0,7.32,316,rainy,84,long run
948,170,9/14/2022,111,7.0,7.96,395,cloudy,99,long run
949,175,2/14/2022,88,20.0,3.46,51,rainy,42,tempo run
950,87,5/4/2022,47,11.0,6.54,492,cloudy,55,interval training
951,188,12/28/2022,21,6.0,8.89,134,rainy,52,long run
952,149,9/4/2022,38,4.0,3.11,116,rainy,40,tempo run
953,142,12/6/2022,19,1.0,6.93,347,sunny,90,interval training
954,186,12/22/2022,37,5.0,3.82,357,sunny,78,interval training
955,111,11/26/2022,71,2.0,3.92,478,rainy,60,interval training
956,134,10/16/2022,27,17.0,6.68,197,rainy,94,interval training
957,96,3/28/2022,27,7.0,3.2,173,cloudy,69,long run
958,109,2/27/2022,79,2.0,6.26,93,sunny,65,long run
959,136,9/29/2022,43,20.0,4.62,304,sunny,70,interval training
960,185,9/15/2022,99,1.0,7.39,349,sunny,64,tempo run
961,54,8/23/2022,120,12.0,9.66,214,cloudy,81,tempo run
962,124,8/22/2022,111,4.0,9.0,351,sunny,48,tempo run
963,128,5/15/2022,43,17.0,7.32,481,cloudy,96,tempo run
964,64,6/3/2022,52,6.0,6.72,391,rainy,100,long run
965,50,12/13/2022,13,18.0,9.98,52,rainy,56,long run
966,73,6/10/2022,59,2.0,9.04,443,sunny,80,long run
967,67,8/19/2022,94,19.0,6.52,497,sunny,63,long run
968,182,1/28/2022,58,19.0,7.73,191,cloudy,42,interval training
969,150,8/18/2022,40,11.0,5.36,388,rainy,90,interval training
970,122,4/21/2022,29,5.0,8.88,165,cloudy,75,tempo run
971,58,8/14/2022,39,19.0,9.0,382,rainy,100,long run
972,77,3/18/2022,71,4.0,6.4,371,cloudy,75,long run
973,144,1/25/2022,45,5.0,3.93,414,sunny,80,tempo run
974,131,2/3/2022,16,11.0,5.97,199,sunny,74,tempo run
975,115,1/4/2022,93,19.0,8.63,342,cloudy,93,tempo run
976,78,7/21/2022,28,18.0,5.02,276,sunny,94,tempo run
977,100,4/26/2022,45,9.0,8.52,161,cloudy,89,interval training
978,197,9/14/2022,66,13.0,4.49,497,rainy,76,long run
979,129,2/25/2022,51,1.0,3.2,314,cloudy,52,tempo run
980,107,7/3/2022,113,10.0,6.8,180,sunny,57,tempo run
981,93,4/9/2022,23,1.0,5.88,47,cloudy,42,tempo run
982,182,8/25/2022,44,19.0,9.29,304,rainy,63,long run
983,123,10/14/2022,92,18.0,6.76,148,cloudy,41,long run
984,145,1/10/2022,27,3.0,8.34,229,cloudy,56,interval training
985,171,1/25/2022,79,19.0,3.78,337,rainy,65,tempo run
986,50,12/10/2022,36,19.0,6.09,447,cloudy,99,interval training
987,108,3/26/2022,65,7.0,3.87,252,sunny,40,tempo run
988,57,8/13/2022,50,7.0,9.52,294,cloudy,59,long run
989,195,5/30/2022,47,14.0,9.26,29,rainy,87,interval training
990,197,7/30/2022,72,9.0,4.46,443,sunny,45,interval training
991,175,7/18/2022,59,13.0,3.93,417,sunny,57,tempo run
992,54,11/2/2022,57,3.0,8.91,79,sunny,65,interval training
993,192,7/28/2022,58,8.0,9.41,8,rainy,80,tempo run
994,116,6/15/2022,45,19.0,3.86,46,rainy,61,interval training
995,176,8/24/2022,20,17.0,7.23,140,sunny,45,tempo run
996,147,11/4/2022,26,6.0,8.08,348,sunny,68,long run
997,52,9/19/2022,33,15.0,7.59,103,cloudy,69,long run
998,113,3/21/2022,50,4.0,3.45,284,cloudy,44,long run
999,94,10/2/2022,24,4.0,5.25,218,sunny,96,interval training
1000,125,12/8/2022,51,14.0,3.12,416,sunny,99,long run
